Team,,Rec,,&Delta;,Rat,,Pwr,,Off,,Def,,HFA,SoS,
Michigan,Big 10,"37-3",0.925,+2,1,9.26,3,55.46,5,105.23,13,27.79,2.76,2,44.86
Arizona,Big 12,"36-3",0.923,-1,2,9.26,2,55.86,3,106.66,20,26.76,2.81,3,44.32
Duke,Atlantic Coast,"35-3",0.921,-1,3,9.13,1,55.96,16,102.10,2,31.43,2.61,33,41.59
Connecticut,Big East,"34-6",0.850,+1,4,8.85,11,51.90,54,98.25,3,31.21,2.61,19,42.57
Houston,Big 12,"30-7",0.811,-1,5,8.83,4,55.20,59,97.80,1,34.96,2.86,25,42.00
Purdue,Big 10,"30-9",0.769,,6,8.78,8,52.90,13,102.54,12,27.93,2.80,4,44.04
Florida,Southeastern,"27-8",0.771,+1,7,8.73,5,54.37,4,105.48,23,26.45,2.81,10,43.35
Iowa St,Big 12,"29-8",0.784,+1,8,8.72,7,53.22,21,101.02,5,29.77,2.77,23,42.27
Illinois,Big 10,"28-9",0.757,-2,9,8.72,6,53.35,6,104.61,24,26.31,2.78,8,43.61
Gonzaga,West Coast,"31-4",0.886,,10,8.69,9,52.05,14,102.33,16,27.29,2.79,78,37.59
St John's,Big East,"30-7",0.811,,11,8.66,14,50.54,20,101.36,21,26.74,2.65,31,41.69
Alabama,Southeastern,"25-10",0.714,,12,8.62,10,52.04,1,111.05,150,18.56,2.95,1,45.18
Michigan St,Big 10,"27-8",0.771,,13,8.60,13,50.64,36,99.94,10,28.26,2.86,15,42.67
Arkansas,Southeastern,"28-9",0.757,+1,14,8.55,18,48.71,2,106.88,122,19.40,2.88,12,43.19
Tennessee,Southeastern,"25-12",0.676,-1,15,8.55,12,51.56,49,98.43,4,30.69,2.97,9,43.60
Nebraska,Big 10,"28-7",0.800,,16,8.52,22,48.00,60,97.80,15,27.78,2.80,30,41.71
Vanderbilt,Southeastern,"27-9",0.750,,17,8.48,23,47.84,12,102.66,55,22.75,2.69,14,42.75
Texas Tech,Big 12,"23-11",0.676,,18,8.45,15,49.51,26,100.94,26,26.13,2.88,7,43.88
Kansas,Big 12,"24-11",0.686,,19,8.45,16,48.90,47,98.50,11,27.97,3.00,5,43.91
Virginia,Atlantic Coast,"30-6",0.833,,20,8.42,31,46.29,69,97.31,22,26.54,2.83,67,39.21
Wisconsin,Big 10,"24-11",0.686,,21,8.39,19,48.62,8,103.21,50,22.97,2.78,16,42.64
Iowa,Big 10,"24-13",0.649,+1,22,8.34,24,47.77,52,98.34,17,27.00,2.93,17,42.60
Kentucky,Southeastern,"22-14",0.611,-1,23,8.34,20,48.25,17,102.06,41,23.75,3.02,6,43.89
BYU,Big 12,"23-12",0.657,,24,8.34,21,48.07,7,103.75,71,21.89,2.85,13,43.03
UCLA,Big 10,"24-12",0.667,,25,8.31,26,47.21,56,97.98,19,26.80,2.91,24,42.09
Auburn,Southeastern,"22-16",0.579,+2,26,8.28,17,48.76,9,103.20,48,23.12,2.86,11,43.25
Utah St,Mountain West,"29-7",0.806,-1,27,8.28,34,45.92,33,100.13,45,23.36,2.86,79,37.13
North Carolina,Atlantic Coast,"24-9",0.727,-1,28,8.26,27,47.17,24,100.96,40,23.78,2.84,58,39.97
Ohio St,Big 10,"21-13",0.618,+1,29,8.24,25,47.55,31,100.44,32,24.68,2.86,18,42.59
Louisville,Atlantic Coast,"24-11",0.686,-1,30,8.24,28,46.67,26,100.94,47,23.29,2.80,40,40.99
Villanova,Big East,"24-9",0.727,+1,31,8.20,37,45.24,71,97.18,28,25.62,2.94,52,40.27
Texas,Southeastern,"21-15",0.583,-1,32,8.20,29,46.59,28,100.86,46,23.29,2.85,21,42.46
St Mary's CA,West Coast,"27-6",0.818,,33,8.19,30,46.43,109,94.38,6,29.62,2.87,91,35.03
Texas A&M,Southeastern,"22-12",0.647,,34,8.18,32,46.21,18,101.90,73,21.88,2.79,38,41.17
Clemson,Atlantic Coast,"24-11",0.686,,35,8.18,35,45.69,103,94.77,8,28.50,2.79,61,39.72
TCU,Big 12,"23-12",0.657,,36,8.16,40,44.31,72,96.93,31,24.94,2.84,37,41.22
Miami FL,Atlantic Coast,"26-9",0.743,,37,8.12,44,43.42,45,98.64,63,22.35,2.72,74,38.14
Oklahoma,Southeastern,"21-16",0.568,+1,38,8.10,36,45.47,19,101.45,77,21.59,2.87,27,41.89
Georgia,Southeastern,"22-11",0.667,-1,39,8.10,38,44.53,10,103.10,137,18.99,2.89,47,40.53
Santa Clara,West Coast,"26-9",0.743,,40,8.03,47,43.31,25,100.95,108,19.92,2.70,80,36.71
VCU,Atlantic 10,"28-8",0.778,,41,8.02,54,42.54,66,97.39,57,22.71,2.72,94,34.70
UCF,Big 12,"21-12",0.636,,42,8.01,55,42.17,32,100.21,118,19.53,2.88,41,40.92
West Virginia,Big 12,"21-14",0.600,+10,43,8.00,45,43.41,145,92.48,7,28.50,2.94,59,39.89
St Louis,Atlantic 10,"29-6",0.829,,44,7.99,56,42.02,35,100.07,119,19.51,2.97,106,33.23
Missouri,Southeastern,"20-13",0.606,-2,45,7.99,48,43.28,44,98.67,67,22.17,2.84,45,40.54
Indiana,Big 10,"18-14",0.563,-1,46,7.98,39,44.36,53,98.26,42,23.67,2.98,36,41.22
Baylor,Big 12,"17-17",0.500,,47,7.97,33,46.05,30,100.57,49,23.05,3.01,28,41.78
San Diego St,Mountain West,"22-11",0.667,-2,48,7.97,43,43.49,82,95.97,30,25.09,2.87,77,37.66
NC State,Atlantic Coast,"20-14",0.588,,49,7.96,42,43.83,29,100.67,89,20.72,2.72,49,40.45
Seton Hall,Big East,"21-12",0.636,,50,7.95,57,41.81,179,91.03,9,28.34,2.84,63,39.39
Cincinnati,Big 12,"18-15",0.545,,51,7.95,41,44.28,117,94.07,14,27.78,2.84,46,40.54
New Mexico,Mountain West,"26-11",0.703,-4,52,7.90,46,43.39,41,99.10,74,21.85,2.79,89,35.42
SMU,Atlantic Coast,"20-14",0.588,-1,53,7.87,50,42.89,34,100.08,96,20.38,2.82,66,39.22
Arizona St,Big 12,"17-16",0.515,+1,54,7.85,74,40.32,67,97.34,92,20.55,2.89,20,42.52
USC,Big 10,"18-14",0.563,-1,55,7.84,63,41.35,42,98.93,106,19.98,2.83,44,40.57
Mississippi,Southeastern,"15-20",0.429,,56,7.84,53,42.70,74,96.63,43,23.64,2.75,26,41.98
South Florida,American Athletic,"25-9",0.735,,57,7.82,72,40.50,37,99.90,158,18.17,2.67,95,34.66
Northwestern,Big 10,"15-19",0.441,,58,7.82,51,42.89,91,95.36,29,25.09,2.82,32,41.66
Washington,Big 10,"16-17",0.485,,59,7.81,59,41.77,68,97.34,70,21.99,2.80,35,41.50
Oklahoma St,Big 12,"20-15",0.571,,60,7.79,75,40.24,15,102.25,224,15.56,2.93,60,39.89
Creighton,Big East,"16-18",0.471,+1,61,7.79,49,42.96,58,97.90,59,22.63,2.93,39,41.10
Virginia Tech,Atlantic Coast,"19-13",0.594,-1,62,7.79,68,40.87,64,97.53,86,20.91,2.99,72,38.54
Boise St,Mountain West,"20-12",0.625,+1,63,7.76,58,41.77,70,97.21,69,22.13,2.90,81,36.61
Nevada,Mountain West,"24-13",0.649,+1,64,7.76,73,40.46,97,95.12,53,22.90,2.88,84,36.02
Florida St,Atlantic Coast,"18-15",0.545,+1,65,7.76,67,40.99,40,99.12,121,19.44,2.94,69,38.99
Stanford,Atlantic Coast,"20-13",0.606,-3,66,7.75,71,40.64,85,95.67,61,22.54,2.90,76,37.75
Tulsa,American Athletic,"30-8",0.789,+2,67,7.75,97,37.39,55,98.02,188,16.94,2.89,108,32.82
Colorado,Big 12,"17-16",0.515,-1,68,7.74,62,41.36,39,99.19,111,19.74,2.98,55,40.11
Miami OH,"Mid-American","32-2",0.941,-1,69,7.73,116,35.13,61,97.76,240,14.94,2.75,228,27.53
Dayton,Atlantic 10,"25-12",0.676,,70,7.72,80,39.62,135,92.80,33,24.39,2.78,97,34.61
LSU,Southeastern,"15-17",0.469,,71,7.70,60,41.64,38,99.48,113,19.72,2.93,56,40.06
Xavier,Big East,"15-18",0.455,+1,72,7.69,64,41.05,23,100.99,169,17.62,2.94,48,40.45
Wake Forest,Atlantic Coast,"18-17",0.514,-1,73,7.69,69,40.82,62,97.69,91,20.70,2.90,70,38.87
Providence,Big East,"15-18",0.455,+2,74,7.68,66,41.00,11,103.08,228,15.49,2.86,51,40.31
Akron,"Mid-American","29-6",0.829,,75,7.68,91,38.08,48,98.50,181,17.14,2.80,176,29.06
Belmont,Missouri Val,"26-6",0.813,-2,76,7.68,95,37.76,43,98.72,196,16.61,2.79,135,31.17
Butler,Big East,"16-16",0.500,+1,77,7.67,76,40.01,46,98.58,136,18.99,2.82,62,39.50
Maryland,Big 10,"12-21",0.364,-1,78,7.66,65,41.03,102,94.77,39,23.83,2.86,22,42.46
Grand Canyon,Mountain West,"20-12",0.625,+1,79,7.65,78,39.94,107,94.57,52,22.93,2.77,90,35.05
California,Atlantic Coast,"22-12",0.647,+1,80,7.65,88,38.37,73,96.72,129,19.21,2.86,85,35.83
Mississippi St,Southeastern,"13-19",0.406,+1,81,7.65,70,40.72,57,97.97,99,20.31,2.85,34,41.53
Georgetown,Big East,"16-18",0.471,+1,82,7.64,84,38.58,120,93.94,66,22.21,2.70,57,39.99
Oregon,Big 10,"12-20",0.375,+1,83,7.63,61,41.54,94,95.21,37,23.89,2.93,29,41.73
Marquette,Big East,"12-20",0.375,+2,84,7.63,52,42.88,63,97.67,54,22.78,2.89,43,40.68
Colorado St,Mountain West,"21-13",0.618,,85,7.62,77,39.95,118,93.98,44,23.53,2.87,92,34.79
Minnesota,Big 10,"15-18",0.455,-7,86,7.62,81,39.45,187,90.85,25,26.16,2.92,53,40.23
High Point,Big South,"31-5",0.861,,87,7.62,98,37.19,50,98.36,202,16.40,2.78,285,26.03
Wichita St,American Athletic,"24-12",0.667,,88,7.61,83,38.62,106,94.70,79,21.49,2.77,104,33.50
McNeese St,Southland,"28-6",0.824,,89,7.59,100,36.87,131,93.00,81,21.43,2.69,209,28.16
Kansas St,Big 12,"12-20",0.375,+1,90,7.54,79,39.76,51,98.35,138,18.98,2.80,42,40.83
Rutgers,Big 10,"14-20",0.412,-1,91,7.53,85,38.45,98,95.10,85,20.92,2.99,54,40.20
Syracuse,Atlantic Coast,"15-17",0.469,,92,7.52,86,38.44,77,96.42,117,19.59,2.94,73,38.53
DePaul,Big East,"16-16",0.500,+1,93,7.51,99,36.94,193,90.67,38,23.83,2.84,75,38.12
Northern Iowa,Missouri Val,"23-13",0.639,-1,94,7.51,93,37.91,249,88.49,18,26.98,2.79,118,32.32
Pittsburgh,Atlantic Coast,"13-20",0.394,,95,7.50,82,39.40,141,92.64,34,24.32,2.80,68,39.15
St Joseph's PA,Atlantic 10,"24-12",0.667,,96,7.48,114,35.41,153,91.87,84,21.11,2.76,114,32.39
South Carolina,Southeastern,"13-19",0.406,,97,7.48,87,38.38,121,93.79,68,22.15,2.91,65,39.29
Liberty,Conference USA,"26-8",0.765,,98,7.47,117,35.04,138,92.68,109,19.92,2.76,152,29.99
UNLV,Mountain West,"18-17",0.514,+1,99,7.45,103,36.50,84,95.80,155,18.27,2.82,83,36.49
Notre Dame,Atlantic Coast,"13-18",0.419,+1,100,7.45,92,37.96,101,94.82,90,20.71,2.83,71,38.79
Illinois St,Missouri Val,"23-13",0.639,-2,101,7.45,112,35.57,165,91.46,76,21.67,2.93,107,32.93
George Mason,Atlantic 10,"23-10",0.697,,102,7.43,104,36.24,226,89.59,35,24.21,2.91,136,31.16
Yale,Ivy League,"24-7",0.774,,103,7.42,102,36.77,100,94.83,120,19.51,2.82,203,28.22
Cal Baptist,Western Athletic,"25-9",0.735,,104,7.42,124,34.14,238,89.19,62,22.52,2.82,147,30.20
Utah Valley,Western Athletic,"25-9",0.735,,105,7.40,105,36.24,115,94.12,114,19.68,2.88,174,29.08
Penn St,Big 10,"12-20",0.375,,106,7.39,94,37.80,79,96.19,130,19.18,2.93,64,39.29
San Francisco,West Coast,"17-16",0.515,,107,7.37,96,37.52,104,94.74,98,20.34,2.74,98,34.44
UAB,American Athletic,"20-12",0.625,,108,7.37,101,36.82,75,96.52,168,17.86,2.79,126,31.69
Utah,Big 12,"10-22",0.313,,109,7.36,90,38.24,87,95.55,102,20.25,3.12,50,40.38
SF Austin,Southland,"28-6",0.824,,110,7.36,137,32.96,197,90.57,107,19.96,2.81,261,26.68
Wyoming,Mountain West,"18-15",0.545,,111,7.34,111,35.58,137,92.72,95,20.42,2.94,99,34.29
Seattle,West Coast,"21-14",0.600,+1,112,7.33,115,35.23,243,88.90,36,23.90,2.95,116,32.35
North Texas,American Athletic,"19-14",0.576,+1,113,7.33,106,36.17,261,87.96,27,25.77,2.74,123,31.84
Bradley,Missouri Val,"21-13",0.618,-2,114,7.32,110,35.69,108,94.46,143,18.79,3.00,129,31.61
Memphis,American Athletic,"13-19",0.406,+1,115,7.31,89,38.31,78,96.21,116,19.67,2.85,82,36.54
Davidson,Atlantic 10,"20-14",0.588,-1,116,7.31,118,34.90,217,89.89,60,22.58,2.72,112,32.47
N Dakota St,Summit Lg,"27-8",0.771,,117,7.31,134,33.29,136,92.79,163,18.07,2.73,240,27.14
UNC Wilmington,Coastal,"27-7",0.794,,118,7.30,131,33.51,183,90.96,105,20.12,2.73,277,26.33
FL Atlantic,American Athletic,"18-15",0.545,+1,119,7.30,107,36.07,89,95.46,157,18.18,2.92,109,32.80
Hofstra,Coastal,"24-11",0.686,-1,120,7.30,120,34.61,220,89.84,64,22.33,2.70,180,28.86
G Washington,Atlantic 10,"19-16",0.543,,121,7.28,113,35.47,81,96.16,190,16.87,2.82,110,32.66
Sam Houston St,Conference USA,"22-12",0.647,,122,7.27,127,33.92,92,95.30,206,16.18,2.89,142,30.83
Hawaii,Big West,"24-9",0.727,,123,7.27,133,33.36,158,91.74,131,19.18,2.82,219,27.83
Murray St,Missouri Val,"20-13",0.606,,124,7.26,129,33.71,65,97.42,279,13.85,2.90,119,32.32
UC Irvine,Big West,"23-12",0.657,,125,7.24,109,35.74,166,91.42,72,21.88,2.83,191,28.58
Oregon St,West Coast,"17-16",0.515,,126,7.24,122,34.22,162,91.62,104,20.16,2.92,101,34.00
Kent,"Mid-American","24-10",0.706,,127,7.22,143,32.67,105,94.74,227,15.49,2.74,188,28.65
UC San Diego,Big West,"23-11",0.676,,128,7.21,128,33.90,211,90.01,80,21.46,2.67,195,28.41
Troy,Sun Belt,"22-12",0.647,,129,7.19,136,33.10,171,91.28,123,19.39,2.82,173,29.09
Duquesne,Atlantic 10,"18-15",0.545,,130,7.18,132,33.47,133,92.95,162,18.09,2.72,124,31.72
Kennesaw,Conference USA,"21-14",0.600,+2,131,7.16,144,32.65,83,95.91,257,14.31,2.80,156,29.84
IL Chicago,Missouri Val,"19-16",0.543,-1,132,7.16,141,32.71,161,91.65,147,18.63,2.75,125,31.72
S Illinois,Missouri Val,"16-16",0.500,-1,133,7.15,123,34.17,199,90.45,83,21.28,2.86,111,32.60
St Bonaventure,Atlantic 10,"17-17",0.500,,134,7.14,125,34.11,134,92.88,142,18.80,2.87,122,31.88
Tulane,American Athletic,"18-15",0.545,+2,135,7.13,155,31.56,160,91.67,172,17.45,2.90,117,32.33
Wright St,Horizon,"23-12",0.657,-1,136,7.13,145,32.56,119,93.97,209,16.16,2.71,217,27.86
St Thomas MN,Summit Lg,"24-10",0.706,-1,137,7.12,142,32.68,129,93.03,179,17.21,2.83,271,26.52
Pacific,West Coast,"18-15",0.545,,138,7.12,157,31.38,246,88.69,100,20.26,2.80,115,32.36
Col Charleston,Coastal,"21-11",0.656,,139,7.11,152,31.76,149,92.10,178,17.23,2.76,187,28.65
Georgia Tech,Atlantic Coast,"11-20",0.355,,140,7.10,121,34.59,113,94.22,166,17.94,2.82,87,35.73
Valparaiso,Missouri Val,"18-15",0.545,,141,7.09,170,30.86,223,89.74,145,18.69,2.81,121,32.04
Washington St,West Coast,"12-20",0.375,,142,7.09,108,35.80,88,95.49,167,17.88,2.97,96,34.62
Boston College,Atlantic Coast,"11-20",0.355,,143,7.09,126,33.99,234,89.31,65,22.24,2.79,87,35.73
Toledo,"Mid-American","19-15",0.559,,144,7.07,135,33.17,90,95.41,230,15.32,2.85,162,29.51
Arkansas St,Sun Belt,"20-12",0.625,,145,7.07,138,32.93,76,96.49,273,14.00,2.83,200,28.35
WKU,Conference USA,"18-14",0.563,+1,146,7.07,147,32.43,116,94.11,216,15.88,2.85,146,30.29
Louisiana Tech,Conference USA,"20-14",0.588,-1,147,7.07,148,32.05,293,86.67,51,22.95,2.81,192,28.56
Temple,American Athletic,"16-16",0.500,,148,7.06,130,33.57,167,91.40,112,19.73,2.88,139,30.96
Charlotte,American Athletic,"17-17",0.500,,149,7.06,168,30.98,214,89.94,148,18.61,2.85,120,32.19
Furman,Southern,"22-13",0.629,,150,7.05,149,31.94,173,91.22,154,18.29,2.81,244,27.02
Winthrop,Big South,"23-11",0.676,,151,7.05,165,31.05,99,95.01,290,13.61,2.79,250,26.86
Penn,Ivy League,"18-12",0.600,,152,7.05,189,29.71,172,91.27,212,16.01,2.86,148,30.18
Fresno St,Mountain West,"13-19",0.406,,153,7.04,140,32.82,180,91.02,124,19.37,2.93,100,34.21
UT Arlington,Western Athletic,"18-14",0.563,,154,7.03,166,31.05,278,87.27,82,21.34,2.83,151,30.06
MTSU,Conference USA,"17-15",0.531,,155,7.03,154,31.59,155,91.85,175,17.31,2.94,140,30.93
Rhode Island,Atlantic 10,"16-16",0.500,,156,7.03,151,31.82,242,88.92,93,20.47,2.94,128,31.67
ETSU,Southern,"23-11",0.676,+1,157,7.02,163,31.15,229,89.46,127,19.25,2.82,283,26.10
Drake,Missouri Val,"14-20",0.412,-1,158,7.02,119,34.70,152,91.90,97,20.37,2.76,132,31.36
Robert Morris,Horizon,"22-11",0.667,,159,7.02,174,30.55,212,89.97,160,18.14,2.77,243,27.07
Loy Marymount,West Coast,"15-17",0.469,,160,7.01,139,32.92,196,90.59,110,19.90,2.89,127,31.69
South Alabama,Sun Belt,"21-12",0.636,,161,7.00,169,30.91,232,89.40,132,19.07,2.81,234,27.48
Portland St,Big Sky,"20-11",0.645,,162,7.00,183,30.09,247,88.61,133,19.04,2.76,230,27.52
N Colorado,Big Sky,"20-12",0.625,,163,7.00,153,31.64,96,95.14,268,14.06,2.67,232,27.50
Towson,Coastal,"19-15",0.559,,164,6.98,156,31.41,298,86.31,58,22.67,2.82,186,28.66
Idaho,Big Sky,"21-15",0.583,,165,6.97,191,29.51,218,89.88,180,17.20,2.72,193,28.46
Austin Peay,Atlantic Sun,"22-9",0.710,,166,6.97,200,28.76,189,90.80,226,15.52,2.90,288,25.90
CS Northridge,Big West,"20-14",0.588,,167,6.96,195,29.20,93,95.21,332,11.55,2.78,170,29.12
Richmond,Atlantic 10,"15-17",0.469,+1,168,6.96,146,32.45,154,91.86,159,18.15,2.85,144,30.80
UC Davis,Big West,"19-14",0.576,-1,169,6.96,186,29.77,195,90.61,195,16.72,2.80,169,29.16
Montana St,Big Sky,"18-14",0.563,,170,6.96,161,31.25,200,90.45,152,18.37,2.78,183,28.75
New Mexico St,Conference USA,"16-16",0.500,,171,6.95,158,31.37,213,89.94,135,19.00,2.90,157,29.78
UC Santa Barbara,Big West,"18-14",0.563,,172,6.94,159,31.35,186,90.86,164,18.06,2.82,199,28.35
Merrimack,Metro Atlantic,"23-11",0.676,,173,6.94,210,28.36,332,84.40,78,21.52,2.64,258,26.72
William & Mary,Coastal,"20-12",0.625,,174,6.94,204,28.63,110,94.36,326,11.84,2.84,206,28.17
Marshall,Sun Belt,"20-13",0.606,,175,6.94,178,30.29,112,94.23,288,13.63,2.90,227,27.62
Cornell,Ivy League,"15-13",0.536,,176,6.92,150,31.85,22,100.99,359,8.42,2.75,178,28.88
Oakland,Horizon,"16-16",0.500,,177,6.92,164,31.11,95,95.20,295,13.48,2.75,145,30.78
UTRGV,Southland,"19-14",0.576,,178,6.92,184,30.03,192,90.70,189,16.89,2.76,211,28.10
Harvard,Ivy League,"17-12",0.586,+1,179,6.90,193,29.32,319,85.05,75,21.83,2.69,202,28.23
Utah Tech,Western Athletic,"19-15",0.559,-1,180,6.90,212,28.29,170,91.29,247,14.56,2.91,167,29.24
Appalachian St,Sun Belt,"19-13",0.594,,181,6.89,171,30.69,311,85.53,56,22.72,2.75,260,26.69
Navy,Patriot League,"26-8",0.765,,182,6.89,206,28.58,288,86.93,128,19.22,2.66,349,22.36
N Kentucky,Horizon,"20-14",0.588,,183,6.89,182,30.11,126,93.22,252,14.45,2.84,257,26.76
Missouri St,Conference USA,"16-18",0.471,,184,6.88,160,31.31,191,90.78,161,18.10,2.89,168,29.22
Mercer,Southern,"19-13",0.594,,185,6.88,192,29.41,139,92.67,258,14.31,2.84,236,27.38
Samford,Southern,"18-14",0.563,,186,6.88,172,30.67,114,94.22,270,14.02,2.86,237,27.35
Monmouth NJ,Coastal,"19-15",0.559,,187,6.87,198,28.96,240,89.11,173,17.42,2.84,204,28.21
Queens NC,Atlantic Sun,"21-14",0.600,,188,6.87,215,28.09,80,96.17,354,9.48,2.77,222,27.74
Bowling Green,"Mid-American","18-14",0.563,,189,6.86,175,30.48,168,91.32,194,16.72,2.77,246,26.96
Montana,Big Sky,"17-16",0.515,,190,6.86,187,29.77,174,91.21,210,16.13,2.87,189,28.60
James Madison,Sun Belt,"18-15",0.545,,191,6.86,179,30.29,184,90.87,184,16.98,2.83,218,27.85
Fordham,Atlantic 10,"17-15",0.531,,192,6.86,185,30.01,277,87.32,101,20.25,2.73,220,27.82
Lipscomb,Atlantic Sun,"19-13",0.594,,193,6.86,180,30.24,150,92.00,220,15.80,2.82,262,26.67
Portland,West Coast,"15-19",0.441,,194,6.86,221,27.62,185,90.87,256,14.32,2.88,113,32.45
Tennessee St,OH Valley,"23-10",0.697,,195,6.85,226,27.44,128,93.14,325,11.87,2.80,314,24.50
Siena,Metro Atlantic,"23-12",0.657,,196,6.85,220,27.83,295,86.57,141,18.83,2.75,294,25.37
Southern Miss,Sun Belt,"19-16",0.543,,197,6.85,219,27.88,216,89.89,225,15.56,2.96,190,28.58
TAM C. Christi,Southland,"18-15",0.545,+1,198,6.85,181,30.12,272,87.52,103,20.17,2.78,241,27.12
CS Fullerton,Big West,"18-16",0.529,-1,199,6.85,225,27.54,130,93.03,321,12.07,2.80,160,29.63
Cent Arkansas,Atlantic Sun,"22-12",0.647,,200,6.84,235,27.03,190,90.79,282,13.81,2.93,268,26.57
Massachusetts,"Mid-American","17-16",0.515,,201,6.84,173,30.58,111,94.29,280,13.85,2.85,216,27.95
Ga Southern,Sun Belt,"21-16",0.568,,202,6.84,228,27.28,123,93.73,337,11.12,2.83,235,27.43
Jacksonville St,Conference USA,"15-17",0.469,,203,6.83,167,31.03,256,88.16,94,20.44,2.75,194,28.42
San Jose St,Mountain West,"9-24",0.273,,204,6.82,190,29.66,169,91.30,215,15.93,2.80,86,35.75
E Washington,Big Sky,"14-19",0.424,,205,6.80,188,29.77,127,93.15,261,14.19,2.84,141,30.84
Campbell,Coastal,"16-18",0.471,,206,6.80,201,28.75,147,92.26,269,14.05,2.73,159,29.73
Rice,American Athletic,"13-18",0.419,+1,207,6.80,196,29.11,215,89.91,193,16.76,2.80,138,31.01
Coastal Car,Sun Belt,"19-13",0.594,-1,208,6.79,263,25.67,291,86.68,197,16.56,2.93,210,28.12
Wofford,Southern,"19-13",0.594,,209,6.79,214,28.21,157,91.76,272,14.01,2.75,275,26.39
Texas St,Sun Belt,"19-13",0.594,,210,6.79,213,28.21,253,88.45,174,17.33,2.80,286,25.98
Florida Intl,Conference USA,"15-17",0.469,,211,6.76,211,28.31,144,92.50,298,13.38,2.88,165,29.37
Ohio,"Mid-American","15-17",0.469,,212,6.76,194,29.31,125,93.34,292,13.54,2.96,181,28.80
Weber St,Big Sky,"16-16",0.500,,213,6.76,197,29.05,146,92.44,262,14.18,2.91,215,27.96
"Loyola-Chicago",Atlantic 10,"9-24",0.273,+1,214,6.75,177,30.45,254,88.34,115,19.68,2.87,103,33.58
Indiana St,Missouri Val,"11-21",0.344,-1,215,6.75,162,31.23,132,92.95,218,15.84,2.90,137,31.04
Detroit,Horizon,"17-15",0.531,,216,6.75,249,26.31,227,89.57,259,14.30,2.94,205,28.18
PFW,Horizon,"17-15",0.531,,217,6.75,217,27.89,182,91.00,251,14.46,2.85,231,27.50
UMBC,America East,"24-9",0.727,+1,218,6.75,241,26.72,219,89.87,254,14.42,2.69,352,21.62
WI Green Bay,Horizon,"18-15",0.545,-1,219,6.74,266,25.52,264,87.88,234,15.20,2.81,196,28.41
Drexel,Coastal,"17-16",0.515,,220,6.73,203,28.65,314,85.32,87,20.89,2.88,256,26.76
Columbia,Ivy League,"16-12",0.571,,221,6.73,244,26.70,221,89.82,253,14.45,2.74,252,26.83
Vermont,America East,"22-12",0.647,,222,6.73,224,27.56,299,86.22,140,18.90,2.85,337,23.16
Quinnipiac,Metro Atlantic,"19-13",0.594,,223,6.72,222,27.56,204,90.34,243,14.78,2.73,292,25.49
Marist,Metro Atlantic,"19-12",0.613,,224,6.71,229,27.27,337,84.03,88,20.80,2.73,319,24.22
Buffalo,"Mid-American","17-15",0.531,+1,225,6.70,245,26.59,176,91.11,305,13.05,2.74,238,27.34
S Dakota St,Summit Lg,"14-18",0.438,-1,226,6.70,176,30.46,178,91.09,187,16.94,2.92,223,27.71
Tarleton St,Western Athletic,"14-18",0.438,,227,6.70,202,28.66,239,89.13,182,17.09,2.93,184,28.73
LIU Brooklyn,Northeast,"24-11",0.686,,228,6.70,287,24.39,292,86.68,232,15.28,2.88,321,24.17
San Diego,West Coast,"12-21",0.364,,229,6.69,227,27.35,177,91.10,281,13.82,2.87,130,31.58
Abilene Chr,Western Athletic,"14-19",0.424,,230,6.69,216,27.90,273,87.51,165,17.96,2.93,175,29.07
New Orleans,Southland,"15-18",0.455,,231,6.69,268,25.42,175,91.14,327,11.84,2.85,143,30.81
Howard,"Mid-Eastern AC","24-11",0.686,,232,6.68,246,26.49,210,90.06,274,14.00,2.79,354,21.46
La Salle,Atlantic 10,"9-23",0.281,,233,6.68,218,27.89,263,87.90,170,17.55,2.90,102,34.00
East Carolina,American Athletic,"11-20",0.355,,234,6.68,209,28.47,201,90.43,222,15.61,2.83,134,31.20
Cal Poly,Big West,"14-19",0.424,,235,6.67,238,26.83,86,95.60,358,8.80,2.78,150,30.12
W Carolina,Southern,"15-16",0.484,,236,6.67,248,26.44,202,90.40,289,13.61,2.88,201,28.28
TN Martin,OH Valley,"22-11",0.667,,237,6.67,269,25.39,340,83.58,125,19.37,2.80,344,22.79
Youngstown St,Horizon,"15-17",0.469,,238,6.66,207,28.50,236,89.25,191,16.81,2.73,253,26.82
Iona,Metro Atlantic,"18-14",0.563,,239,6.66,230,27.20,233,89.37,229,15.40,2.88,291,25.60
UTEP,Conference USA,"11-20",0.355,,240,6.66,205,28.60,280,87.23,139,18.93,2.86,149,30.14
Nicholls St,Southland,"14-19",0.424,,241,6.65,223,27.56,237,89.19,214,15.93,2.79,177,28.93
North Dakota,Summit Lg,"18-17",0.514,,242,6.64,264,25.64,222,89.77,296,13.44,2.81,259,26.71
Stony Brook,Coastal,"17-15",0.531,,243,6.64,271,25.09,285,87.06,223,15.59,2.89,247,26.93
St Peter's,Metro Atlantic,"17-12",0.586,+1,244,6.63,259,25.84,320,85.01,151,18.40,2.78,302,25.03
SE Missouri St,OH Valley,"20-13",0.606,-1,245,6.63,255,26.03,281,87.22,203,16.38,2.78,330,23.78
NE Omaha,Summit Lg,"16-17",0.485,,246,6.62,250,26.21,224,89.62,264,14.15,2.80,248,26.92
UNC Asheville,Big South,"15-17",0.469,,247,6.62,231,27.15,255,88.20,198,16.52,2.84,254,26.82
FGCU,Atlantic Sun,"16-18",0.471,,248,6.60,232,27.10,248,88.60,211,16.06,2.84,272,26.45
Fairfield,Metro Atlantic,"21-13",0.618,,249,6.60,285,24.52,282,87.14,239,14.94,2.68,331,23.61
Denver,Summit Lg,"15-17",0.469,+1,250,6.59,260,25.83,122,93.74,351,9.65,2.85,212,28.05
Morehead St,OH Valley,"20-13",0.606,-1,251,6.59,280,24.70,284,87.08,236,15.18,2.82,328,23.84
Colgate,Patriot League,"18-15",0.545,,252,6.59,237,26.90,205,90.32,265,14.15,2.84,308,24.64
WI Milwaukee,Horizon,"12-20",0.375,,253,6.56,236,26.98,194,90.64,277,13.90,2.87,164,29.37
Radford,Big South,"16-16",0.500,,254,6.56,233,27.09,159,91.72,308,12.94,2.71,307,24.74
Elon,Coastal,"14-18",0.438,,255,6.56,258,25.86,206,90.23,302,13.19,2.80,221,27.76
UNC Greensboro,Southern,"15-19",0.441,,256,6.55,252,26.17,198,90.54,301,13.19,2.79,255,26.76
Idaho St,Big Sky,"13-20",0.394,,257,6.55,247,26.45,244,88.88,237,15.13,2.82,207,28.17
Princeton,Ivy League,"9-20",0.310,,258,6.55,208,28.50,286,87.03,134,19.03,2.79,158,29.77
Old Dominion,Sun Belt,"12-21",0.364,,259,6.54,243,26.71,207,90.18,267,14.10,2.93,172,29.09
SIUE,OH Valley,"20-13",0.606,,260,6.54,257,25.86,335,84.14,126,19.29,2.78,353,21.50
Longwood,Big South,"16-16",0.500,,261,6.51,240,26.72,203,90.35,276,13.94,2.84,327,23.89
Chattanooga,Southern,"13-19",0.406,,262,6.51,199,28.83,156,91.80,246,14.60,2.70,290,25.66
Delaware,Conference USA,"10-21",0.323,,263,6.50,254,26.13,260,87.98,221,15.72,2.70,154,29.89
Pepperdine,West Coast,"9-23",0.281,,264,6.50,234,27.03,181,91.02,291,13.58,2.89,133,31.34
Presbyterian,Big South,"15-18",0.455,,265,6.49,274,24.99,307,85.75,192,16.81,2.77,282,26.15
UC Riverside,Big West,"10-22",0.313,,266,6.49,242,26.71,241,88.97,231,15.31,2.89,161,29.58
Southern Utah,Western Athletic,"10-22",0.313,,267,6.49,251,26.17,163,91.61,319,12.13,2.90,153,29.90
South Dakota,Summit Lg,"16-16",0.500,,268,6.48,284,24.53,143,92.61,355,9.48,3.04,295,25.34
Lamar,Southland,"12-19",0.387,,269,6.48,239,26.74,309,85.59,144,18.72,2.78,249,26.92
E Michigan,"Mid-American","10-21",0.323,,270,6.48,256,25.90,296,86.53,186,16.94,2.86,155,29.88
Dartmouth,Ivy League,"11-16",0.407,+1,271,6.47,275,24.92,235,89.31,303,13.17,2.87,233,27.48
Long Beach St,Big West,"10-22",0.313,-1,272,6.46,253,26.15,228,89.57,266,14.15,2.78,163,29.40
Mt St Mary's,Metro Atlantic,"15-17",0.469,,273,6.46,281,24.65,324,84.95,177,17.26,2.73,289,25.83
Ball St,"Mid-American","12-19",0.387,,274,6.45,265,25.54,330,84.44,146,18.66,2.89,245,26.97
American Univ,Patriot League,"16-16",0.500,+1,275,6.44,273,25.05,297,86.43,208,16.18,2.82,323,24.03
Evansville,Missouri Val,"7-25",0.219,-1,276,6.44,277,24.82,305,85.97,201,16.42,3.03,105,33.32
Boston Univ,Patriot League,"17-17",0.500,+1,277,6.43,296,23.72,279,87.27,270,14.02,2.73,320,24.17
Louisiana,Sun Belt,"11-22",0.333,-1,278,6.43,289,24.22,344,83.22,149,18.57,2.88,166,29.37
C Michigan,"Mid-American","10-21",0.323,,279,6.42,261,25.78,251,88.49,242,14.86,2.87,185,28.72
Southern Univ,Southwestern AC,"17-17",0.500,,280,6.42,282,24.60,209,90.07,320,12.09,2.95,326,23.93
"Bethune-Cookman",Southwestern AC,"17-15",0.531,,281,6.42,303,23.04,270,87.63,307,12.97,2.87,305,24.89
Hampton,Coastal,"13-19",0.406,,282,6.41,288,24.30,313,85.43,200,16.44,2.89,267,26.58
Charleston So,Big South,"15-17",0.469,,283,6.41,294,24.00,148,92.22,356,9.34,2.79,304,24.90
Lindenwood,OH Valley,"18-15",0.545,,284,6.40,304,22.82,267,87.79,312,12.60,2.77,341,23.02
Incarnate Word,Southland,"12-19",0.387,,285,6.40,278,24.76,252,88.48,278,13.85,2.79,270,26.56
Cleveland St,Horizon,"11-22",0.333,,286,6.39,270,25.10,151,91.95,342,10.71,2.86,229,27.53
Bellarmine,Atlantic Sun,"13-19",0.406,,287,6.38,295,23.95,164,91.48,349,10.03,2.86,276,26.35
CS Sacramento,Big Sky,"10-21",0.323,,288,6.37,292,24.04,225,89.62,322,11.99,2.91,179,28.87
Lehigh,Patriot League,"18-17",0.514,,289,6.36,308,22.23,301,86.14,287,13.66,2.72,333,23.39
W Michigan,"Mid-American","10-21",0.323,,290,6.36,286,24.43,230,89.42,313,12.57,2.78,198,28.38
Central Conn,Northeast,"18-12",0.600,,291,6.36,306,22.52,306,85.85,260,14.23,2.71,359,21.15
SE Louisiana,Southland,"9-22",0.290,,292,6.35,272,25.08,329,84.44,156,18.21,2.80,182,28.79
Georgia St,Sun Belt,"10-22",0.313,,293,6.34,279,24.71,275,87.39,241,14.89,2.96,214,27.99
Jacksonville,Atlantic Sun,"12-20",0.375,,294,6.34,283,24.55,317,85.08,183,17.03,2.93,281,26.18
E Kentucky,Atlantic Sun,"11-21",0.344,,295,6.34,267,25.50,142,92.63,344,10.44,2.95,263,26.66
Sacred Heart,Metro Atlantic,"14-19",0.424,,296,6.34,300,23.15,208,90.07,343,10.64,2.78,298,25.21
Brown,Ivy League,"9-18",0.333,,297,6.34,262,25.75,302,86.06,176,17.26,2.76,279,26.28
Northwestern LA,Southland,"10-22",0.313,,298,6.33,290,24.18,333,84.22,171,17.52,2.82,208,28.16
West Georgia,Atlantic Sun,"15-17",0.469,,299,6.31,328,20.67,283,87.12,339,11.11,2.74,300,25.20
Northern Arizona,Big Sky,"10-22",0.313,,300,6.31,291,24.06,294,86.60,238,15.03,2.85,226,27.64
Oral Roberts,Summit Lg,"10-23",0.303,,301,6.30,293,24.00,258,88.05,294,13.52,2.86,225,27.65
Houston Chr,Southland,"12-20",0.375,,302,6.30,314,21.70,342,83.46,219,15.81,2.83,239,27.23
East Texas A&M,Southland,"11-21",0.344,,303,6.30,307,22.33,316,85.21,245,14.69,2.81,224,27.68
SC Upstate,Big South,"13-19",0.406,,304,6.29,302,23.08,290,86.70,275,13.94,2.81,297,25.29
Prairie View,Southwestern AC,"19-18",0.514,+1,305,6.28,320,21.16,274,87.40,334,11.33,2.78,351,21.65
Stetson,Atlantic Sun,"12-21",0.364,-1,306,6.28,311,22.06,268,87.73,324,11.90,2.88,269,26.56
MA Lowell,America East,"15-18",0.455,,307,6.27,301,23.13,231,89.42,335,11.28,2.91,340,23.05
Northeastern,Coastal,"7-24",0.226,,308,6.26,276,24.91,188,90.82,331,11.65,2.86,171,29.12
NC A&T,Coastal,"11-19",0.367,,309,6.26,313,21.86,269,87.64,328,11.78,2.82,273,26.40
Ark Little Rock,OH Valley,"12-20",0.375,,310,6.24,299,23.15,304,86.01,244,14.71,2.87,303,24.97
Mercyhurst,Northeast,"18-17",0.514,,311,6.23,317,21.23,352,82.53,204,16.27,2.98,358,21.15
NJIT,America East,"16-17",0.485,,312,6.21,352,17.89,354,82.08,299,13.37,2.73,313,24.53
Florida A&M,Southwestern AC,"15-16",0.484,+1,313,6.21,331,20.26,336,84.05,285,13.77,2.83,342,22.99
N Illinois,"Mid-American","9-21",0.300,-1,314,6.21,326,20.81,321,84.99,297,13.39,2.79,197,28.40
Norfolk St,"Mid-Eastern AC","15-17",0.469,,315,6.20,298,23.22,266,87.82,306,12.97,2.83,360,21.14
Tennessee Tech,OH Valley,"13-18",0.419,,316,6.19,315,21.56,300,86.19,309,12.93,2.88,334,23.28
UT San Antonio,American Athletic,"5-25",0.167,+1,317,6.18,297,23.36,250,88.49,315,12.43,2.95,131,31.53
Grambling,Southwestern AC,"14-19",0.424,-1,318,6.18,309,22.10,348,82.71,185,16.95,2.65,347,22.61
E Illinois,OH Valley,"13-20",0.394,,319,6.18,324,20.92,355,81.97,199,16.51,2.76,315,24.40
Alabama A&M,Southwestern AC,"18-15",0.545,,320,6.17,341,19.13,334,84.17,314,12.52,2.98,363,20.63
North Alabama,Atlantic Sun,"9-21",0.300,,321,6.17,305,22.61,308,85.65,250,14.52,2.93,278,26.28
CS Bakersfield,Big West,"8-24",0.250,,322,6.15,310,22.07,262,87.94,329,11.70,2.98,213,28.04
Manhattan,Metro Atlantic,"12-20",0.375,,323,6.15,325,20.84,245,88.80,352,9.60,2.75,309,24.64
Wagner,Northeast,"14-17",0.452,,324,6.14,322,21.13,349,82.69,213,16.00,2.77,355,21.44
Bucknell,Patriot League,"10-23",0.303,,325,6.13,318,21.19,323,84.96,283,13.80,2.79,274,26.39
Citadel,Southern,"11-22",0.333,,326,6.12,337,19.30,326,84.56,318,12.31,2.83,287,25.97
Le Moyne,Northeast,"15-17",0.469,,327,6.12,336,19.49,289,86.77,346,10.28,2.82,348,22.40
SUNY Albany,America East,"11-21",0.344,,328,6.09,321,21.16,310,85.58,304,13.15,2.76,325,23.98
TX Southern,Southwestern AC,"12-18",0.400,,329,6.08,323,21.12,276,87.35,333,11.33,2.79,346,22.68
Lafayette,Patriot League,"11-21",0.344,,330,6.08,327,20.75,327,84.54,284,13.78,2.66,310,24.61
Jackson St,Southwestern AC,"12-21",0.364,,331,6.08,339,19.19,287,86.97,350,9.78,2.86,296,25.32
Loyola MD,Patriot League,"12-20",0.375,,332,6.05,330,20.28,271,87.54,345,10.31,2.75,345,22.73
Bryant,America East,"9-22",0.290,,333,6.04,312,21.88,315,85.29,263,14.15,3.00,318,24.30
Holy Cross,Patriot League,"11-22",0.333,,334,6.04,343,18.93,347,82.80,286,13.69,2.75,316,24.36
Canisius,Metro Atlantic,"10-21",0.323,,335,6.03,344,18.66,358,81.03,235,15.19,2.93,299,25.20
NC Central,"Mid-Eastern AC","14-18",0.438,,336,6.02,342,18.98,312,85.44,338,11.11,2.90,361,21.12
Ark Pine Bluff,Southwestern AC,"13-19",0.406,+1,337,6.02,351,18.00,259,88.03,362,7.54,2.81,332,23.43
Air Force,Mountain West,"3-29",0.094,-1,338,6.02,319,21.17,353,82.46,205,16.27,2.89,93,34.79
Alabama St,Southwestern AC,"10-22",0.313,,339,5.99,332,20.25,318,85.06,311,12.75,2.73,317,24.35
Army,Patriot League,"11-21",0.344,,340,5.98,345,18.57,325,84.89,336,11.24,2.75,335,23.28
Niagara,Metro Atlantic,"8-22",0.267,,341,5.97,333,20.07,356,81.45,207,16.18,2.83,306,24.86
North Florida,Atlantic Sun,"7-25",0.219,,342,5.96,316,21.45,124,93.44,364,5.57,3.00,280,26.21
IUPUI,Horizon,"7-25",0.219,,343,5.96,329,20.29,140,92.66,365,5.20,2.79,265,26.60
Stonehill,Northeast,"12-21",0.364,,344,5.95,349,18.39,360,80.11,217,15.85,2.79,350,21.89
Alcorn St,Southwestern AC,"9-23",0.281,,345,5.94,350,18.04,350,82.68,310,12.92,2.83,284,26.04
New Haven,Northeast,"14-17",0.452,,346,5.94,362,15.57,363,77.89,233,15.25,2.75,357,21.22
Morgan St,"Mid-Eastern AC","14-16",0.467,,347,5.93,356,17.10,265,87.86,363,6.81,2.93,365,19.93
Maine,America East,"8-24",0.250,,348,5.93,334,20.03,362,79.30,153,18.29,2.78,311,24.59
F Dickinson,Northeast,"11-21",0.344,,349,5.92,335,19.69,345,82.91,255,14.35,2.76,356,21.39
New Hampshire,America East,"9-21",0.300,,350,5.92,346,18.55,331,84.43,330,11.69,2.94,324,24.00
S Carolina St,"Mid-Eastern AC","10-22",0.313,,351,5.86,358,17.07,339,83.68,340,10.95,2.87,343,22.97
Southern Indiana,OH Valley,"7-23",0.233,,352,5.84,338,19.20,341,83.54,300,13.22,2.81,329,23.83
Chicago St,Northeast,"7-25",0.219,,353,5.78,354,17.48,351,82.67,316,12.38,2.91,293,25.46
MD E Shore,"Mid-Eastern AC","9-23",0.281,,354,5.76,359,16.57,361,79.60,248,14.54,2.84,339,23.06
Rider,Metro Atlantic,"4-25",0.138,,355,5.74,340,19.19,343,83.23,293,13.53,2.77,266,26.58
VMI,Southern,"6-26",0.188,,356,5.73,357,17.08,328,84.51,347,10.13,2.91,301,25.14
Missouri KC,Summit Lg,"4-27",0.129,,357,5.72,347,18.55,338,83.77,317,12.35,2.93,242,27.08
St Francis PA,Northeast,"7-24",0.226,,358,5.71,355,17.36,303,86.04,357,8.89,2.91,338,23.12
ULM,Sun Belt,"4-28",0.125,,359,5.69,348,18.45,257,88.10,361,7.92,2.98,264,26.65
Gardner Webb,Big South,"4-29",0.121,,360,5.69,353,17.53,322,84.99,348,10.11,2.84,251,26.85
Binghamton,America East,"8-23",0.258,,361,5.64,360,16.19,346,82.85,341,10.91,2.82,362,20.81
Coppin St,"Mid-Eastern AC","7-24",0.226,,362,5.59,364,12.78,359,80.77,353,9.58,2.88,312,24.58
Delaware St,"Mid-Eastern AC","8-23",0.258,,363,5.55,363,14.38,364,77.43,249,14.52,2.82,364,20.33
W Illinois,OH Valley,"5-26",0.161,,364,5.55,361,15.77,357,81.43,323,11.91,2.87,336,23.25
MS Valley St,Southwestern AC,"3-30",0.091,,365,5.05,365,7.55,365,77.14,360,7.97,2.95,322,24.13
