School,Head Coach
Abilene Christian,Brette Tanner
Air Force,Joe Crispin
Akron,Dustin Ford
Alabama,Nate Oats
Alabama A&M,Donte Jackson
Alabama State,Chris Wright
Albany,Dwayne Killings
Alcorn State,Jake Morton
American,Duane Simpkins
Appalachian State,Dustin Kerns
Arizona,Tommy Lloyd
Arizona State,Randy Bennett
Arkansas,John Calipari
Arkansas-Pine Bluff,Solomon Bozeman
Arkansas State,Ryan Pannone
Army,Kevin Kuwik
Auburn,Steven Pearl
Austin Peay,Corey Gipson
Ball State,Chris Capko
Baylor,Scott Drew
Bellarmine,Doug Davenport
Belmont,Evan Bradds
Bethune-Cookman,Reggie Theus
Binghamton,Levell Sanders
Boise State,Leon Rice
Boston College,Luke Murray
Boston University,Joe Jones
Bowling Green,Todd Simon
Bradley,Brian Wardle
Brown,Mike Martin
Bryant,Jamion Christian
Bucknell,John Griffin III
Buffalo,George Halcovage
Butler,Ronald Nored
BYU,Kevin Young
Cal Poly,Mike DeGeorge
Cal State Bakersfield,Todd Lee
Cal State Fullerton,Dedrique Taylor
Cal State Northridge,Andy Newman
California,Mark Madsen
California Baptist,Kyle Getter
Campbell,Jimmie Williams
Canisius,Jim Christian
Central Arkansas,John Shulman
Central Connecticut,Patrick Sellers
Central Michigan,Andy Bronkema
Charleston,John Groce
Charleston Southern,Saah Nimley
Charlotte,Wes Miller
Chattanooga,Dan Earl
Chicago State,Landon Bussie
Cincinnati,Jerrod Calhoun
The Citadel,Ed Conroy
Clemson,Brad Brownell
Cleveland State,Rob Summers
Coastal Carolina,Justin Gray
Colgate,Matt Langel
Colorado,Tad Boyle
Colorado State,Ali Farokhmanesh
Columbia,Kevin Hovde
Coppin State,Larry Stewart
Cornell,Jon Jaques
Creighton,Alan Huss
Dartmouth,Brett MacConnell
Davidson,Matt McKillop
Dayton,Anthony Grant
Delaware,Martin Ingelsby
Delaware State,Stan Waterman
Denver,Tim Bergstraser
DePaul,Chris Holtmann
Detroit Mercy,Mark Montgomery
Drake,Eric Henderson
Drexel,Zach Spiker
Duke,Jon Scheyer
Duquesne,Dru Joyce III
East Carolina,Michael Schwartz
East Tennessee State,Brooks Savage
East Texas A&M,Jaret von Rosenberg
Eastern Illinois,Marty Simmons
Eastern Kentucky,A.W. Hamilton
Eastern Michigan,Billy Donlon
Eastern Washington,Dan Monson
Elon,Billy Taylor
Evansville,David Ragland
Fairfield,Chris Casey
Fairleigh Dickinson,Jack Castleberry
FIU,Joey Cantens
Florida,Todd Golden
Florida A&M,Charlie Ward
Florida Atlantic,John Jakus
Florida Gulf Coast,Pat Chambers
Florida State,Luke Loucks
Fordham,Mike Magpayo
Fresno State,Vance Walberg
Furman,Bob Richey
Gardner-Webb,Jeremy Luther
George Mason,Tony Skinn
George Washington,Chris Caputo
Georgetown,Ed Cooley
Georgia,Mike White
Georgia Southern,Charlie Henry
Georgia State,Jon Cremins
Georgia Tech,Scott Cross
Gonzaga,Mark Few
Grambling State,Patrick Crarey II
Grand Canyon,Bryce Drew
Green Bay,Doug Gottlieb
Hampton,Ivan Thomas
Harvard,Tommy Amaker
Hawaii,Eran Ganot
High Point,Flynn Clayman
Hofstra,Speedy Claxton
Holy Cross,Dave Paulsen
Houston,Kelvin Sampson
Houston Christian,Craig Doty
Howard,Kenny Blakeney
Idaho,Alex Pribble
Idaho State,Ryan Looney
Illinois,Brad Underwood
Illinois State,Ryan Pedon
Incarnate Word,Shane Heirman
Indiana,Darian DeVries
Indiana State,Matthew Graves
Iona,Dan Geriot
Iowa,Ben McCollum
Iowa State,T.J. Otzelberger
IU Indy,Ben Howlett
Jackson State,Trey Johnson
Jacksonville,Jordan Mincy
Jacksonville State,Ray Harper
James Madison,Preston Spradlin
Kansas,Bill Self
Kansas City,Mark Turgeon
Kansas State,Casey Alexander
Kennesaw State,Antoine Pettway
Kent State,Rob Senderoff
Kentucky,Mark Pope
La Salle,Darris Nichols
Lafayette,Mike McGarvey
Lamar,Jordan Fee
Le Moyne,Nate Champion
Lehigh,Brett Reed
Liberty,Ritchie McKay
Lindenwood,Kyle Gerdeman
Lipscomb,Kevin Carroll
Little Rock,Travis Ford
LIU,Rod Strickland
Long Beach State,Chris Acker
Longwood,Ronnie Thomas
Louisiana,Quannas White
Louisiana-Monroe,Ryan Cross
Louisiana Tech,Talvin Hester
Louisville,Pat Kelsey
Loyola Chicago,Drew Valentine
Loyola Maryland,Josh Loeffler
Loyola Marymount,Stan Johnson
LSU,Will Wade
Maine,Chris Markwood
Manhattan,John Gallagher
Marist,John Dunne
Marquette,Shaka Smart
Marshall,Cornelius Jackson
Maryland,Buzz Williams
Maryland Eastern Shore,Cleo Hill Jr.
McNeese,Bill Armstrong
Memphis,Penny Hardaway
Mercer,Ryan Ridder
Mercyhurst,Gary Manchel
Merrimack,Joe Gallo
Miami (FL),Jai Lucas
Miami (OH),Travis Steele
Michigan,Dusty May
Michigan State,Tom Izzo
Middle Tennessee,Nick McDevitt
Milwaukee,Bart Lundy
Minnesota,Niko Medved
Mississippi State,Chris Jans
Mississippi Valley State,Mike Davis
Missouri,Dennis Gates
Missouri State,Cuonzo Martin
Monmouth,King Rice
Montana,Travis DeCuire
Montana State,Matt Logie
Morehead State,Jonathan Mattox
Morgan State,Kevin Broadus
Mount St. Mary's,Donny Lind
Murray State,Ryan Miller
Navy,Jon Perry
NC State,Justin Gainey
Nebraska,Fred Hoiberg
Nevada,Steve Alford
New Hampshire,Nathan Davis
New Haven,Ted Hotaling
New Mexico,Eric Olen
New Mexico State,Jason Hooten
New Orleans,Stacy Hollowell
Niagara,Greg Paulus
Nicholls,Tevon Saddler
NJIT,Grant Billmeier
Norfolk State,Robert Jones
North Alabama,Tony Pujol
North Carolina,Michael Malone
North Carolina A&T,Monté Ross
North Carolina Central,LeVelle Moton
North Dakota,Paul Sather
North Dakota State,David Richman
North Florida,Bobby Kennen
North Texas,Daniyal Robinson
Northeastern,Bill Coen
Northern Arizona,Shane Burcar
Northern Colorado,Steve Smiley
Northern Illinois,Matt Majkrzak
Northern Iowa,Kyle Green
Northern Kentucky,Darrin Horn
Northwestern,Chris Collins
Northwestern State,Rick Cabrera
Notre Dame,Micah Shrewsberry
Oakland,Greg Kampe
Ohio,Jeff Boals
Ohio State,Jake Diebler
Oklahoma,Porter Moser
Oklahoma State,Steve Lutz
Old Dominion,Mike Jones
Ole Miss,Chris Beard
Omaha,Chris Crutchfield
Oral Roberts,Kory Barnett
Oregon,Dana Altman
Oregon State,Justin Joyner
Pacific,Dave Smart
Penn,Fran McCaffery
Penn State,Mike Rhoades
Pepperdine,Griff Aldrich
Pittsburgh,Jeff Capel III
Portland,Shantay Legans
Portland State,Jase Coburn
Prairie View A&M,Byron Smith
Presbyterian,Quinton Ferrell
Princeton,Mitch Henderson
Providence,Bryan Hodgson
Purdue,Matt Painter
Purdue Fort Wayne,Jon Coffman
Queens,Grant Leonard
Quinnipiac,Tom Pecora
Radford,Zach Chu
Rhode Island,Archie Miller
Rice,Rob Lanier
Richmond,Chris Mooney
Rider,Kevin Baggett
Robert Morris,Andrew Toole
Rutgers,Steve Pikiell
Sacramento State,Mike Bibby
Sacred Heart,Anthony Latina
Sam Houston,Chris Mudge
Samford,Lennie Acuff
San Diego,JR Blount
San Diego State,Brian Dutcher
San Francisco,Chris Gerlufsen
San Jose State,Tim Miles
Santa Clara,Herb Sendek
Seattle,Chris Victor
Seton Hall,Shaheen Holloway
Siena,Nevada Smith
SIU Edwardsville,Brian Barone
SMU,Andy Enfield
South Alabama,Richie Riley
South Carolina,Lamont Paris
South Carolina State,Erik Martin
South Carolina Upstate,Marty Richter
South Dakota,Eric Peterson
South Dakota State,Bryan Petersen
South Florida,Chris Mack
Southeast Missouri State,Brad Korn
Southeastern Louisiana,David Kiefer
Southern,Kevin Johnson
Southern Illinois,Scott Nagy
Southern Indiana,Stan Gouard
Southern Miss,Jay Ladner
Southern Utah,Rob Jeter
St. Bonaventure,Mike MacDonald
St. John's,Rick Pitino
St. Thomas,John Tauer
Saint Joseph's,Steve Donahue
Saint Louis,Josh Schertz
Saint Mary's,Mickey McConnell
Saint Peter's,Bashir Mason
Stanford,Kyle Smith
Stephen F. Austin,Matt Braeuer
Stetson,Donnie Jones
Stonehill,Chris Kraus
Stony Brook,Geno Ford
Syracuse,Gerry McNamara
Tarleton State,Eric Haut
TCU,Jamie Dixon
Temple,Adam Fisher
Tennessee,Rick Barnes
Tennessee State,Nolan Smith
Tennessee Tech,Tobin Anderson
Texas,Sean Miller
Texas A&M,Bucky McMillan
Texas A&M-Corpus Christi,Jim Shaw
Texas Southern,Vacant
Texas State,Terrence Johnson
Texas Tech,Grant McCasland
Toledo,Tod Kowalczyk
Towson,Pat Skerry
Troy,Adam Howard
Tulane,Ron Hunter
Tulsa,Eric Konkol
UAB,Andy Kennedy
UC Davis,Jim Les
UC Irvine,Russell Turner
UC Riverside,Gus Argenal
UC San Diego,Clint Allard
UC Santa Barbara,Joe Pasternack
UCF,Johnny Dawkins
UCLA,Mick Cronin
UConn,Dan Hurley
UIC,Robert Ehsan
UMass,Frank Martin
UMass Lowell,Pat Duquette
UMBC,Jim Ferry
UNC Asheville,Mike Morrell
UNC Greensboro,Jerod Haase
UNC Wilmington,Takayo Siddle
UNLV,Josh Pastner
USC,Eric Musselman
UT Arlington,K.T. Turner
UT Martin,Jeremy Shulman
Utah,Alex Jensen
Utah State,Ben Jacobson
Utah Tech,Jon Judkins
Utah Valley,Todd Phillips
UTEP,Joe Golding
UTRGV,Brandon Chambers
UTSA,Austin Claunch
Valparaiso,Roger Powell
Vanderbilt,Mark Byington
VCU,Phil Martelli Jr.
Vermont,John Becker
Villanova,Kevin Willard
Virginia,Ryan Odom
Virginia Tech,Mike Young
VMI,Andrew Wilson
Wagner,Dwan McMillan
Wake Forest,Steve Forbes
Washington,Danny Sprinkle
Washington State,David Riley
Weber State,Kaleb Canales
West Florida,Tanner Smith
West Georgia,Dave Moore
West Virginia,Ross Hodge
Western Carolina,Tim Craft
Western Illinois,Chad Boudreau
Western Kentucky,Hank Plona
Western Michigan,Kahil Fennell
Wichita State,Paul Mills
William & Mary,Brian Earl
Winthrop,Mark Prosser
Wisconsin,Greg Gard
Wofford,Kevin Giltner
Wright State,Clint Sargent
Wyoming,Sundance Wicks
Xavier,Richard Pitino
Yale,James Jones
Youngstown State,Ethan Faulkner
